,node,minority,indegree,outdegree,pagerank,wtf
0,993,0,6,109,0.0006472107932253795,1
1,859,0,2,1,0.0010150602986559103,0
2,298,0,1,22,0.0001640304485613147,2
3,553,0,2,7,0.0004666559970095937,2
4,672,0,5,16,0.00016681958260402838,0
5,971,0,5,1,0.0022252849706982107,9
6,27,0,1,2,0.0004398349650452117,0
7,231,0,5,1,0.006698415899774124,3
8,306,0,3,1,0.0010539291405206345,0
9,706,0,1,1,0.0010191229537392541,0
10,496,0,3,2,0.00016704362584090625,1
11,558,0,3,1,0.003156392632904494,0
12,784,0,2,1,0.001463687451896726,0
13,239,0,2,1,0.0012381537614546965,1
14,578,0,2,1,0.0003875884002524635,3
15,55,0,2,1,0.0011391545578159558,1
16,906,0,3,13,0.00022118279161796017,1
17,175,0,4,19,0.00039591261896526516,0
18,14,0,6,26,0.00021520293515758392,0
19,77,0,3,1,0.0016278150203489123,4
20,31,0,7,10,0.0001992403222486025,1
21,481,0,2,1,0.0010340278162513556,0
22,310,0,2,2,0.00038071972227254224,0
23,311,0,1,1,0.00017799606704239893,0
24,883,0,2,2,0.0007580954560491814,0
25,788,0,5,1,0.00019192692294123898,0
26,45,0,5,1,0.00282829248334432,0
27,103,0,4,2,0.00020261774051124853,2
28,760,0,2,1,0.0025577365286049763,0
29,1,0,3,7,0.0002333502290972114,0
30,823,0,1,18,0.0003697459550505747,0
31,710,0,4,2,0.00017672668243459802,1
32,614,0,8,23,0.00019472982351042902,3
33,790,0,3,1,0.002315862737042332,6
34,408,0,1,1,0.00017175149032781287,1
35,736,0,2,1,0.0047480329278606,21
36,957,0,2,1,0.0004000978688379416,0
37,366,0,3,1,0.0002114977533347787,0
38,918,0,2,1,0.0020745069662655795,15
39,267,0,3,1,0.00017681549780222236,0
40,230,0,2,1,0.00018221910312442885,0
41,996,0,1,1,0.0010439086652550742,1
42,635,0,3,8,0.0001902547811911276,1
43,698,0,1,1,0.001,0
44,251,0,1,1,0.0001575358887342456,0
45,783,0,4,1,0.00191902405297603,31
46,819,0,3,20,0.00019885180837411287,0
47,141,0,1,1,0.0010047153522932453,0
48,316,0,2,1,0.00028716905251499435,0
49,587,0,5,1,0.000257875221380113,1
50,331,0,2,8,0.0007106745944506559,0
51,295,0,3,77,0.0001906359274910043,0
52,262,0,3,1,0.001665044154787417,2
53,432,0,2,1,0.0001695966635225396,0
54,862,0,5,21,0.00016370050887540668,1
55,582,0,3,12,0.00017347560405276804,20
56,272,0,3,1,0.0017940941728865865,2
57,270,0,1,1,0.0010289196444024258,0
58,987,0,4,50,0.00017379622851961102,0
59,319,0,6,17,0.0004088332293710315,0
60,569,0,4,1,0.0011550058405178346,0
61,643,0,1,1,0.0016354687508303206,5
62,142,0,4,1,0.001464587892076477,1
63,202,0,2,64,0.00019094329672468647,0
64,413,0,1,1,0.0060000580165544826,41
65,196,0,2,1,0.0003859041662622075,1
66,264,0,4,1,0.0014806875340222549,0
67,531,0,4,11,0.0001997199028530402,0
68,252,0,1,1,0.001734611507672054,1
69,576,0,2,17,0.0001859641497674573,1
70,738,0,5,22,0.00041645152587610484,0
71,299,0,1,1,0.0010317120805928763,0
72,740,0,5,30,0.00017575132617020977,0
73,247,0,3,1,0.0006921999649382301,6
74,926,0,5,18,0.00025530971353547225,1
75,412,0,2,1,0.002584494977608058,0
76,389,0,1,1,0.0015839022925136024,4
77,796,0,8,15,0.00031939212862985004,3
78,601,0,2,17,0.00024395551305870424,5
79,654,0,4,9,0.0002395124979022973,5
80,261,0,3,3,0.00040385535958425506,0
81,456,0,4,1,0.00018139978513990337,0
82,386,0,4,1,0.0018549016986513902,4
83,982,0,2,1,0.0010181414168712424,0
84,909,0,4,1,0.0015823270005837187,0
85,693,0,3,58,0.0003032929214066404,1
86,236,0,4,2,0.00017747066445785248,2
87,501,0,1,2,0.00022543200147943617,3
88,497,0,2,20,0.00020676115765756517,1
89,874,0,4,67,0.00016272767107413803,0
90,452,0,4,14,0.0002092653384820189,1
91,494,0,4,1,0.0019435584118474728,0
92,923,0,3,1,0.00019783739629539697,0
93,279,0,5,1,0.001236022199931137,2
94,638,0,5,31,0.00019068356438042705,1
95,485,0,1,1,0.0014634016962104996,0
96,568,0,4,1,0.0011528126624679046,55
97,108,0,2,45,0.00016948858979978098,0
98,367,0,10,11,0.0002941288533420539,3
99,644,0,5,1,0.00025313971831649953,0
100,785,0,3,1,0.0002071098324151379,0
101,873,0,2,37,0.0001695849135013826,0
102,65,0,2,6,0.00018143548180385988,0
103,902,0,6,1,0.0003355222920086332,3
104,317,0,4,1,0.0013172177911661424,2
105,636,0,1,4,0.00016135599317691011,0
106,666,0,3,27,0.0002264574186191668,0
107,789,0,6,11,0.00034285958009161807,1
108,958,0,2,13,0.00016901052932292586,0
109,214,0,2,1,0.001866488316909513,2
110,97,0,1,1,0.00017606015976145812,0
111,583,0,3,2,0.0006944207110800585,0
112,466,0,2,3,0.0007007921666137872,5
113,523,0,4,3,0.0002343296800990592,1
114,255,0,6,3,0.0017106427742496423,5
115,385,0,2,9,0.00018122005130648264,1
116,545,0,4,1,0.00021466492652458472,0
117,382,0,4,1,0.00045146300039958974,0
118,489,0,2,1,0.00240441270301151,1
119,513,0,4,1,0.0017827495354534337,64
120,780,0,4,1,0.0010930548640864595,0
121,904,0,4,1,0.00026547210141297854,1
122,122,0,2,1,0.0010579049771417275,0
123,946,0,3,11,0.0007824789587953358,0
124,60,0,7,10,0.00023593665495728427,0
125,844,0,11,3,0.0004489221356659318,2
126,372,0,1,1,0.002366814318963873,6
127,283,0,2,3,0.00018390620750932012,0
128,939,0,4,1,0.0002910253937155037,3
129,608,0,4,1,0.0011255063069199836,0
130,495,0,3,1,0.0014594670431913618,2
131,630,0,2,1,0.0010130475352001778,0
132,596,0,1,19,0.00015931739268934346,0
133,713,0,7,1,0.0020616312949646148,3
134,753,0,8,1,0.0012828209311813172,1
135,624,0,5,14,0.00044788699528095535,0
136,312,0,2,8,0.001136461462612082,0
137,8,0,2,22,0.0001826457072904716,39
138,529,0,2,1,0.0012187310278742724,0
139,876,0,5,3,0.00047017888876095987,0
140,101,0,6,1,0.0012387312662841554,4
141,615,0,1,1,0.00025216791162358725,0
142,520,0,1,4,0.0001775960908291648,0
143,249,0,0,23,0.00014999999999999996,0
144,278,0,4,1,0.0001830045416192892,0
145,424,0,3,1,0.0010225002047828929,0
146,384,0,5,6,0.0004048323288334018,0
147,395,0,3,12,0.00024217254433420436,5
148,54,0,5,1,0.00255125811418158,6
149,34,0,3,1,0.0010373107954224305,0
150,271,0,2,23,0.00030630149444829853,19
151,30,0,2,1,0.0005013881988099361,6
152,403,0,3,1,0.00023373337527965936,0
153,757,0,5,4,0.0004284275396117748,0
154,975,0,7,2,0.00017755255689349772,1
155,990,0,1,61,0.00015528776052820643,0
156,457,0,4,9,0.0010002195699732005,0
157,362,0,2,1,0.0020887726499969,6
158,860,0,5,12,0.0004121582413356628,2
159,483,0,2,2,0.0006374285864629816,2
160,580,0,2,39,0.00025508668069899697,0
161,986,0,2,15,0.0001606612466674945,1
162,688,0,2,3,0.00046094525366456286,1
163,864,0,5,2,0.003846348726574483,9
164,927,0,3,1,0.002831930315374777,0
165,378,0,4,1,0.0018643221429048011,9
166,320,0,2,1,0.001436499862618881,1
167,942,0,1,17,0.00017612961737350415,1
168,351,0,2,1,0.0034314173152138715,25
169,418,0,5,2,0.0003892263516119756,21
170,945,0,1,1,0.0037871352270016385,22
171,795,0,2,1,0.002456435518203508,7
172,145,0,2,1,0.0028269617663885986,5
173,826,0,4,1,0.0021714979036512472,0
174,492,0,1,12,0.00033180844734315775,66
175,751,0,3,1,0.0003209317096260805,0
176,240,0,3,10,0.00015711537310174624,0
177,648,0,3,1,0.00028887097722915967,0
178,886,0,1,27,0.00017019963125797648,0
179,144,0,3,1,0.0011405046401628868,7
180,767,0,1,19,0.00015135979254790437,0
181,999,0,3,1,0.0011201802916912165,0
182,467,0,1,4,0.0006401542542754969,0
183,315,0,10,68,0.0002050309228647732,2
184,989,0,3,1,0.00019417691023981148,0
185,922,0,1,1,0.0036063398231521086,20
186,717,0,9,2,0.0006021243191231724,0
187,458,0,4,1,0.0012701550326420462,0
188,773,0,1,1,0.00026013067911015225,1
189,204,0,1,7,0.00015661151385121236,0
190,834,0,6,13,0.00022805334674511695,1
191,832,0,3,58,0.00016454624513696596,0
192,435,0,5,28,0.0003792379358072226,1
193,5,0,7,175,0.00018769100686574073,2
194,769,0,2,1,0.00288640687355348,9
195,679,0,4,1,0.0016043324551693534,0
196,722,0,6,1,0.0011818463756493244,2
197,215,0,4,1,0.00024228744943704,5
198,653,0,2,1,0.0017369346005763546,4
199,150,0,1,1,0.0010421626007631947,2
200,687,0,2,1,0.0013319460609849253,2
201,500,0,0,36,0.00014999999999999996,0
202,332,0,1,10,0.00015216384584344062,0
203,979,0,5,3,0.00044324863372988203,3
204,817,0,3,35,0.00032912754828307223,2
205,620,0,2,15,0.0001572712128176669,0
206,814,0,2,1,0.00288640687355348,9
207,516,0,4,1,0.0017187009455067466,0
208,518,0,2,1,0.0010965030474285595,0
209,940,0,2,1,0.00017555238511868514,0
210,113,0,7,24,0.00024150219365027482,1
211,612,0,4,37,0.00029921290841880766,0
212,37,0,1,15,0.0002283901492980325,5
213,894,0,2,22,0.00017112153497247405,0
214,895,0,4,1,0.00034023191880066514,3
215,992,0,1,14,0.00015405245167360892,0
216,158,0,6,1,0.0002539714041982553,1
217,154,0,2,1,0.0010130475352001778,0
218,40,0,2,1,0.0013652295957624963,0
219,585,0,0,10,0.00014999999999999996,0
220,805,0,4,1,0.0002772599879782384,3
221,592,0,3,1,0.0002055938778879663,0
222,964,0,8,96,0.00022876339322398063,0
223,266,0,3,1,0.0003462056349913204,0
224,406,0,4,43,0.0006623794058736855,2
225,294,0,1,1,0.00015216384584344062,0
226,604,0,6,1,0.0002356916139660129,2
227,522,0,5,1,0.004334140047857767,16
228,18,0,1,1,0.00032190337341738226,9
229,425,0,5,1,0.0015834197170619046,5
230,527,0,2,3,0.00022438650696307956,0
231,308,0,2,1,0.0015235456166682872,1
232,622,0,8,45,0.0002922892500906425,1
233,794,0,3,9,0.00016325621177299275,0
234,62,0,2,1,0.0015208959372358076,2
235,79,0,3,1,0.0002913251474617274,5
236,680,0,2,1,0.0025393273764182317,3
237,193,0,3,14,0.000271089227362896,0
238,750,0,4,1,0.0012924767233690592,0
239,181,0,3,15,0.0001747870819613779,0
240,535,0,5,3,0.00021660429067202284,1
241,484,0,1,32,0.00015256288653583267,0
242,200,0,7,102,0.000184740616610456,0
243,364,0,2,1,0.0012103369561155867,4
244,991,0,4,1,0.0011478598783717267,0
245,462,0,4,13,0.00034292950430748163,3
246,356,0,6,1,0.0024287883831569145,4
247,2,0,1,1,0.001251925944691544,0
248,478,0,1,18,0.00016194906861568634,0
249,695,0,4,63,0.00019237118210671498,0
250,253,0,2,3,0.00017460886112659517,0
251,667,0,5,2,0.00028520436801343115,1
252,85,0,2,1,0.0010861066342451133,0
253,969,0,2,18,0.00019164437673534757,0
254,75,0,4,20,0.0002490635567171789,0
255,786,0,4,1,0.00025374702069689165,0
256,658,0,5,52,0.0003664810890344796,19
257,465,0,5,20,0.00018680664257129283,107
258,920,0,3,11,0.0004143471082781144,1
259,38,0,3,1,0.002937319482530743,12
260,944,0,1,5,0.00015504705664472657,0
261,725,0,3,8,0.00047302311136989235,0
262,436,0,2,12,0.00034949305840341804,0
263,140,0,5,1,0.0012073166806686945,0
264,818,0,4,1,0.00153258096974089,0
265,602,0,2,2,0.0005435075471331747,0
266,745,0,4,16,0.00022286006877308688,35
267,471,0,4,3,0.00044060359318453076,0
268,342,0,1,5,0.00015329505742033944,0
269,416,0,3,1,0.0017349367707595353,1
270,711,0,8,58,0.000534172910132215,0
271,557,0,1,1,0.00015782839609682585,0
272,50,0,3,1,0.0015459324378228844,0
273,162,0,4,1,0.0024614418120300907,6
274,765,0,1,20,0.00017509105616531325,0
275,856,0,4,1,0.00019476571351463907,0
276,867,0,3,72,0.0001558335341055922,0
277,524,0,5,1,0.0017022858766685227,1
278,443,0,9,1,0.0011966297845566263,1
279,172,0,0,7,0.00014999999999999996,0
280,956,0,5,1,0.010120958192741142,23
281,330,0,3,1,0.0010496103397978033,0
282,352,0,5,27,0.0002053226928992927,4
283,857,0,1,14,0.00015173314726835645,0
284,766,0,2,2,0.00036481284202741167,0
285,39,0,5,1,0.0010893147321093745,0
286,852,0,5,1,0.0014630474343024474,4
287,875,0,4,9,0.00017881193987415845,0
288,156,0,3,1,0.0012306133439315692,0
289,222,0,2,12,0.0001603534314042924,0
290,641,0,1,1,0.0012821593493380894,1
291,210,0,1,1,0.0011978214507431648,2
292,746,0,5,1,0.0014472009242583496,0
293,960,0,0,1,0.00014999999999999996,0
294,700,0,1,6,0.00015391404729509306,0
295,167,0,2,1,0.0002773202601601442,0
296,998,0,3,1,0.0003502354278434204,0
297,984,0,7,21,0.0005200901057048076,1
298,491,0,1,17,0.00016273450200686426,0
299,10,0,5,1,0.0013590900644073328,3
300,105,0,1,1,0.00017044166146907568,1
301,68,0,2,1,0.00134197653756201,1
302,479,0,3,1,0.0014278839094757371,1
303,399,0,3,1,0.002488415920303221,4
304,434,0,1,24,0.00015556215201328763,0
305,258,0,4,31,0.0005282312807768774,0
306,827,0,5,3,0.0007477550221232863,0
307,884,0,3,25,0.00018430925972159648,12
308,304,0,2,1,0.0013746702465166063,3
309,811,0,1,1,0.001015418109525003,1
310,938,0,2,1,0.003301925530503409,20
311,924,0,2,1,0.004319791982792348,1
312,526,0,3,1,0.00035546643390141846,1
313,20,0,3,1,0.002116705165681208,7
314,905,0,3,1,0.0003992369080272787,1
315,380,0,3,1,0.0001932984906058306,1
316,420,0,3,10,0.00016506410072133197,0
317,285,0,3,8,0.00018524905544992077,3
318,71,0,1,1,0.0011174575911097008,0
319,49,0,7,4,0.0023664037936074068,4
320,179,0,1,1,0.0010192472144018438,0
321,506,0,3,172,0.00017470058469395028,0
322,929,0,1,14,0.0001575358887342456,0
323,116,0,1,1,0.0001581367251003432,0
324,293,0,3,1,0.002839888955108226,3
325,76,0,2,12,0.00027446228150331654,0
326,48,0,2,12,0.00018393625786564883,1
327,503,0,1,1,0.0011965906957476236,2
328,263,0,2,1,0.0011797789089931657,1
329,808,0,2,28,0.0001663403069606854,0
330,863,0,7,14,0.00024883559189797067,2
331,748,0,4,25,0.0005108581716924968,1
332,64,0,1,1,0.001,0
333,798,0,4,1,0.0013582516260475335,0
334,52,0,2,1,0.0011033572157005532,0
335,440,0,1,1,0.002455446349052375,7
336,124,0,4,1,0.00019423777852681733,3
337,650,0,2,2,0.0005114386335882711,0
338,409,0,5,1,0.00021389229098734084,1
339,752,0,4,1,0.0016739554390236186,1
340,952,0,3,1,0.0011501945707549058,0
341,477,0,1,22,0.0001555094928838039,0
342,118,0,1,1,0.0014151313440182484,1
343,12,0,6,30,0.00020531675812740827,1
344,157,0,4,1,0.0012368426752510395,0
345,337,0,2,1,0.0017239960689170576,13
346,127,0,2,1,0.0016442348802436653,1
347,46,0,7,1,0.001460011616671814,3
348,235,0,2,1,0.0015627136667285715,2
349,538,0,2,1,0.000159436696594118,0
350,241,0,2,2,0.00033316711491239095,0
351,590,0,3,1,0.00028465320328405485,0
352,358,0,6,2,0.0005502741793775522,0
353,959,0,3,1,0.0024454450276752923,3
354,848,0,4,1,0.0018035344147952588,0
355,792,0,3,1,0.0015085405046763038,0
356,325,0,3,34,0.00021151042109920554,3
357,899,0,3,3,0.00027997896477986825,0
358,809,0,3,22,0.00030927001122898443,0
359,350,0,7,3,0.0005339649025738603,0
360,363,0,1,2,0.00016293392689669425,0
361,17,0,0,22,0.00014999999999999996,0
362,186,0,3,1,0.003595742800352402,16
363,402,0,5,5,0.00019125437042774826,0
364,338,0,1,1,0.00021462139675872856,0
365,206,0,3,1,0.0017577285118724527,1
366,963,0,3,19,0.00021372223454744504,1
367,345,0,4,1,0.002584875665877496,3
368,313,0,2,1,0.006882436499204107,0
369,242,0,2,24,0.00015704899802223085,0
370,913,0,1,1,0.0037182449857021587,17
371,170,0,3,22,0.00017038132482811806,0
372,187,0,4,8,0.00035140918557372344,0
373,934,0,4,1,0.0015324917528185449,0
374,133,0,1,3,0.00016762570154861943,0
375,301,0,4,33,0.00018845780488267047,0
376,731,0,6,1,0.002031324509173465,2
377,670,0,3,1,0.0016415247929775494,2
378,318,0,7,23,0.0003653651231603188,1
379,78,0,3,1,0.0011761974446860392,0
380,521,0,2,1,0.0022133433099761055,6
381,346,0,5,2,0.00019469484988376108,0
382,198,0,3,1,0.0012071611014933515,2
383,865,0,5,7,0.0005718991957535213,0
384,548,0,2,7,0.00015675911139281573,0
385,915,0,2,1,0.001128344454301312,1
386,588,0,2,1,0.00027853504928193915,0
387,447,0,4,1,0.004115025324128889,21
388,21,0,6,179,0.00016328679974457504,0
389,724,0,2,7,0.0007978636737343615,0
390,718,0,3,29,0.0003705569425566274,0
391,250,0,1,1,0.00038214878417658756,0
392,243,0,3,32,0.00017102118049962074,0
393,571,0,4,1,0.0011525513327199882,0
394,35,0,1,1,0.0002686585217203659,1
395,81,0,6,11,0.0002510801981481427,1
396,159,0,4,52,0.0001909345769190215,1
397,333,0,1,1,0.001185918516279376,0
398,837,0,4,1,0.00041668811026896287,68
399,474,0,4,1,0.001140955187917343,0
400,671,0,1,1,0.002502782631913056,4
401,109,0,2,9,0.00017012859709518714,1
402,661,0,3,41,0.00034729591450400867,70
403,379,0,4,1,0.0011359412605780243,0
404,625,0,2,1,0.0003409823118178304,0
405,603,0,4,2,0.0005806480354496723,0
406,92,0,0,23,0.00014999999999999996,0
407,451,0,4,1,0.0012065803431771487,13
408,652,0,3,34,0.00020103856497573978,3
409,822,0,1,13,0.0003064938762449583,0
410,855,0,3,27,0.00019619829923012106,1
411,390,0,5,58,0.00017174288322342645,0
412,577,0,8,1,0.001250421274944298,0
413,985,0,1,1,0.0010458337849044554,0
414,422,0,3,1,0.00033384376230840234,1
415,211,0,10,16,0.0003772990851664664,6
416,171,0,7,1,0.0027462035346711385,16
417,165,0,4,1,0.0015342087400937482,0
418,238,0,4,1,0.00317454918093241,8
419,188,0,2,5,0.00041555076467091854,0
420,685,0,6,1,0.0013405433547268163,1
421,803,0,4,52,0.0003626177957041126,0
422,344,0,2,1,0.001931237087940394,5
423,741,0,4,2,0.0005810372525443102,0
424,453,0,5,2,0.0006582962769461643,0
425,646,0,5,76,0.0001749904720997613,0
426,830,0,6,11,0.00021628972707407596,0
427,155,0,3,1,0.0018673802400851849,0
428,487,0,3,3,0.00043324535624000463,2
429,597,0,1,5,0.00016350262411687645,1
430,988,0,3,1,0.00018411044264087965,0
431,125,0,1,10,0.0002063835989683625,0
432,66,0,2,7,0.0004313903816342576,0
433,908,0,4,1,0.00016758998437277388,0
434,511,0,1,11,0.00015210442257625485,0
435,224,0,2,11,0.00037880962047579723,0
436,268,0,1,1,0.0024929298218519763,4
437,161,0,2,1,0.0014903535461165034,0
438,813,0,4,33,0.0001723743045444144,1
439,618,0,4,1,0.00023858161893197788,0
440,676,0,2,1,0.0011373870368816888,0
441,178,0,1,1,0.001,0
442,950,0,4,1,0.0019830754484972493,5
443,415,0,4,1,0.0011283214723695353,0
444,100,0,5,1,0.0020645979295985674,0
445,733,0,1,33,0.00015195713028007195,0
446,689,0,4,6,0.0007686944629797068,0
447,229,0,2,1,0.001335187439854605,1
448,334,0,9,1,0.00056410159614416,6
449,627,0,2,3,0.0001715572356126077,0
450,702,0,4,2,0.00046284340725490824,0
451,878,0,5,1,0.00023321436759139282,0
452,482,0,4,2,0.0009986350251787847,3
453,919,0,2,13,0.00031736546347059514,0
454,220,0,4,6,0.0004115474099658033,0
455,391,0,1,1,0.0012715437548886023,1
456,912,0,2,2,0.00022195669564218078,0
457,427,0,5,2,0.00034232072800340275,0
458,309,0,3,1,0.0016492605008410217,0
459,775,0,3,36,0.00034828763167014086,0
460,885,0,3,10,0.0001963663539718323,1
461,15,0,10,97,0.0003383043090771139,2
462,493,0,5,38,0.0005762964761073875,1
463,245,0,2,1,0.0010267368028832207,1
464,898,0,3,1,0.0010226467241573486,0
465,6,0,2,37,0.0001993714320505726,0
466,613,0,2,2,0.00021237585365448843,0
467,533,0,5,2,0.0005783278133777983,1
468,397,0,2,1,0.0011320733177150625,0
469,721,0,1,1,0.0021582558028645257,7
470,858,0,5,1,0.0031483825308633927,1
471,691,0,1,9,0.000313166814447519,0
472,104,0,5,13,0.00023943588078687047,0
473,303,0,4,3,0.00078586041953915,0
474,549,0,2,1,0.0002369254660311817,1
475,729,0,6,1,0.0012661438687900145,1
476,208,0,4,1,0.000515800597972836,1
477,302,0,2,1,0.0015452426836741005,0
478,51,0,2,18,0.0001787753590265436,0
479,90,0,5,12,0.0003340132283697283,0
480,354,0,2,37,0.0001588993192691415,1
481,632,0,1,1,0.0015136352981580702,1
482,460,0,2,1,0.00017493605767729552,0
483,22,0,2,11,0.0001690516401649004,0
484,374,0,3,9,0.00017496319171242888,0
485,546,0,3,1,0.0016688750395493438,2
486,439,0,1,16,0.00031379696756917455,1
487,218,0,2,30,0.0001737987612805784,0
488,737,0,2,19,0.00032056174047208856,0
489,505,0,2,6,0.00019479593526469297,0
490,605,0,3,3,0.00035698681494628,2
491,801,0,5,1,0.0012033137339569002,12
492,948,0,3,15,0.00016324317316747538,0
493,683,0,3,12,0.00032884378206723947,0
494,205,0,2,1,0.003623620120614166,6
495,647,0,4,21,0.00017139400888787953,0
496,190,0,1,14,0.0002205765539250855,0
497,361,0,5,15,0.00020606433304420216,1
498,664,0,1,1,0.0001629421084610436,0
499,375,0,1,18,0.0002955278379157546,0
500,631,0,8,13,0.0002599598543687991,91
501,185,0,2,1,0.0002452909847316909,0
502,732,0,3,18,0.0001927077392714291,2
503,404,0,1,1,0.0010127998230092298,0
504,194,0,3,1,0.00019828844123994757,2
505,564,0,1,6,0.0004650253865859369,0
506,401,0,4,1,0.0021559594606954174,2
507,530,0,4,1,0.0001792464352534956,0
508,656,0,3,1,0.0023428132948311114,2
509,441,0,2,1,0.001029856580971842,1
510,132,0,3,4,0.0001674897424983507,0
511,233,0,3,7,0.0001910899457691507,0
512,173,0,2,10,0.00020736119468389117,6
513,428,0,3,9,0.00020553324459156246,0
514,567,0,6,1,0.001564867998812939,0
515,967,0,3,2,0.000494044478831875,1
516,758,0,3,28,0.00017583389326672762,0
517,626,0,0,1,0.00014999999999999996,0
518,96,0,3,1,0.00019196095817340742,1
519,781,0,4,7,0.000172586893692092,2
520,499,0,5,1,0.00040197754769451455,0
521,74,0,4,30,0.00017318993359853293,0
522,89,0,1,17,0.0004337671979640554,0
523,609,0,8,1,0.0035378406471546445,13
524,0,0,1,43,0.00016669114008766912,0
525,392,0,3,3,0.00043644237257228557,0
526,476,0,2,1,0.0020102337507010353,0
527,799,0,1,1,0.001,8
528,519,0,2,1,0.0001712092210770935,0
529,107,0,6,83,0.0002308537294296383,2
530,708,0,3,1,0.0019892694820826122,24
531,634,0,2,1,0.0014459931083267976,0
532,223,0,2,1,0.0010761923637046366,0
533,327,0,5,40,0.00023998599376393785,6
534,102,0,5,1,0.0012156391538969541,1
535,704,0,2,8,0.00016156790281856808,18
536,475,0,3,1,0.007689204289743225,15
537,213,0,4,1,0.0014469680488008443,0
538,135,0,3,25,0.0001622722274385801,0
539,246,0,3,1,0.0001738610194010171,2
540,970,0,3,1,0.0023171671471233874,0
541,891,0,1,1,0.0016352293545007428,3
542,619,0,2,2,0.00016310941768731978,0
543,815,0,5,1,0.00018508109638643169,0
544,365,0,5,2,0.000539512123312951,0
545,812,0,6,1,0.0012406217292312638,1
546,26,0,4,1,0.0008641598180802195,0
547,642,0,4,4,0.0015052979846902831,0
548,417,0,1,5,0.00015919845380448915,0
549,907,0,4,1,0.0028044597500746686,1
550,921,0,5,1,0.0032281977572051336,0
551,3,0,2,68,0.00015722602939445768,0
552,134,0,2,1,0.0011779454956313182,0
553,355,0,1,3,0.00016410936406565003,0
554,877,0,3,1,0.0022444830875364744,1
555,768,0,4,54,0.0002035631475959639,0
556,836,0,4,3,0.0003604273749066616,0
557,561,0,2,100,0.00015997559387103012,0
558,892,0,2,12,0.0003209152308661957,2
559,225,0,4,2,0.0023721286817321133,2
560,820,0,0,12,0.00014999999999999996,0
561,369,0,4,35,0.0001720772220498635,0
562,681,0,4,8,0.00023410984057892553,0
563,339,0,1,1,0.00110667634289874,0
564,419,0,0,1,0.00014999999999999996,0
565,829,0,3,1,0.0012285847118967842,3
566,951,0,4,111,0.0001635169745806614,0
567,454,0,4,1,0.0026465833576630247,0
568,63,0,8,138,0.0002573128455719533,4
569,759,0,6,5,0.0005054647219869373,3
570,360,0,0,28,0.00014999999999999996,0
571,237,0,0,1,0.00014999999999999996,0
572,112,0,3,1,0.0024957597208889763,1
573,640,0,4,2,0.00020711123593000825,0
574,532,0,3,26,0.00035237793319765524,3
575,126,0,3,13,0.0006087788472865207,19
576,259,0,1,3,0.00021046428318058594,4
577,742,0,5,2,0.00038540462956009367,2
578,761,0,5,3,0.0008193486505027441,0
579,137,0,2,1,0.0010584338126760216,1
580,7,0,3,1,0.001756321582349864,0
581,502,0,4,1,0.0010759496454563078,0
582,831,0,2,1,0.001844677089162435,0
583,762,0,5,2,0.00028041063757377484,5
584,851,0,0,2,0.00014999999999999996,0
585,407,0,6,1,0.00019590517422640423,2
586,692,0,2,1,0.0011908254612118792,0
587,353,0,2,27,0.0001599012728311156,0
588,153,0,2,1,0.0012601132981771648,0
589,566,0,7,2,0.000345154599745536,16
590,542,0,0,1,0.00014999999999999996,0
591,343,0,2,41,0.0001739398835345999,0
592,887,0,4,1,0.00045073269279829667,0
593,997,0,1,1,0.001,0
594,825,0,0,2,0.00014999999999999996,0
595,56,0,2,1,0.0002509454534788189,0
596,400,0,2,1,0.0014436725880727435,0
597,572,0,4,1,0.0018578904697501056,1
598,473,0,3,26,0.00016638678255515498,0
599,468,0,1,14,0.0001555172557329194,0
600,651,0,3,1,0.00017830426075771165,0
601,669,0,8,49,0.0002775461344622227,0
602,504,0,3,12,0.0007526165410458571,0
603,900,0,3,20,0.0001639435240565081,0
604,649,0,5,1,0.00031888510944837786,3
605,931,0,3,12,0.00036888871585601997,0
606,300,0,5,62,0.00032624097269513054,0
607,674,0,3,1,0.0010858679466874005,0
608,665,0,4,17,0.00029339125792397357,2
609,570,0,2,4,0.0003639103212428968,0
610,163,0,2,1,0.0065765277998394165,25
611,336,0,2,1,0.0017521305652037945,0
612,59,0,3,4,0.00048079017234266866,1
613,821,0,6,4,0.00022520065970107385,1
614,933,0,3,1,0.00031964585889671153,0
615,490,0,2,2,0.00035494032404585405,0
616,787,0,6,1,0.0020624940450783506,5
617,449,0,4,1,0.001302347043307041,1
618,703,0,4,1,0.0011588528035670197,0
619,437,0,4,1,0.00021993665369011314,12
620,563,0,1,1,0.001,0
621,720,0,5,25,0.00017800934062635267,1
622,890,0,3,8,0.00018622573181333927,0
623,219,0,3,1,0.0019957735486637305,8
624,678,0,2,2,0.0011938964678518053,0
625,586,0,3,1,0.0013378809687710652,1
626,282,0,1,1,0.00018980477078740768,0
627,348,0,20,81,0.0005263368914007009,5
628,686,0,4,5,0.0005913867948928241,0
629,4,0,2,1,0.0010055480152960468,0
630,995,0,4,1,0.0038859270128101353,11
631,463,0,6,13,0.0010361681311017255,0
632,776,0,2,1,0.00028876083007693833,0
633,682,0,3,1,0.0011015729154049722,65
634,879,0,2,1,0.0014459931083267976,0
635,517,0,4,3,0.000194033642561678,0
636,573,0,4,1,0.0011804256211504433,3
637,793,0,4,1,0.001659705908982618,0
638,893,0,3,2,0.0008111436318606196,0
639,534,0,3,1,0.0014066331711751218,57
640,903,0,4,1,0.00110506656647698,0
641,276,0,2,2,0.00016606247982371193,0
642,284,0,1,1,0.0010759124313370564,0
643,470,0,3,43,0.0001749473902732512,1
644,426,0,1,1,0.001129658518739959,0
645,281,0,1,7,0.00015554347826086953,0
646,120,0,1,1,0.00027719460510634456,0
647,593,0,2,2,0.0004617772613030174,0
648,981,0,3,1,0.0010614404148591601,0
649,13,0,5,1,0.001902669976661817,3
650,655,0,7,17,0.00033487944775657856,3
651,455,0,2,1,0.0001785192040363709,0
652,584,0,3,21,0.00021669127828720136,0
653,955,0,2,1,0.0012601132981771648,0
654,160,0,2,1,0.001058582327999429,0
655,977,0,3,6,0.00018463467187032338,0
656,973,0,3,1,0.001600819147062127,0
657,715,0,4,19,0.00030170423150164806,9
658,744,0,1,1,0.00015296452229612433,0
659,195,0,4,1,0.0035421013858393195,15
660,191,0,6,1,0.0014209251200253692,1
661,628,0,6,7,0.0003666970055407071,0
662,536,0,2,4,0.00016749204307773576,0
663,880,0,2,1,0.004949653860073906,22
664,164,0,2,12,0.00017066395356907344,1
665,106,0,2,1,0.00016994820711886807,0
666,16,0,10,45,0.00043970130156504764,4
667,575,0,5,9,0.0007986917803413277,1
668,925,0,5,2,0.00033390396505072534,4
669,712,0,1,27,0.00016543290158434808,0
670,540,0,2,9,0.00019004913170738452,0
671,329,0,2,22,0.00015868668485331694,0
672,480,0,6,14,0.00018455434651390188,0
673,498,0,6,10,0.00028547992747120985,2
674,968,0,3,1,0.00041708146192104555,0
675,405,0,4,10,0.00036171016813905504,0
676,743,0,2,4,0.00016080191164597515,0
677,93,0,3,10,0.0003923718407239598,1
678,433,0,8,26,0.00020280904612801135,0
679,83,0,3,21,0.00022725591752109146,0
680,843,0,0,22,0.00014999999999999996,0
681,914,0,3,3,0.00017905923302866981,1
682,657,0,6,13,0.0002198305493310763,0
683,414,0,3,26,0.0001589789278619515,1
684,662,0,3,1,0.0011325153034739666,0
685,978,0,2,1,0.00126772163548735,1
686,771,0,5,1,0.0004761512439984768,1
687,728,0,1,1,0.0020484861238706984,8
688,911,0,5,1,0.0012964116074641063,16
689,807,0,2,2,0.00015740933235123438,0
690,322,0,3,25,0.00033779666347367885,1
691,556,0,2,1,0.0017651385047064351,0
692,357,0,3,1,0.0011241150306700285,0
693,69,0,2,6,0.00016835458379074432,0
694,514,0,3,1,0.00018364681024884242,1
695,509,0,2,1,0.001058582327999429,0
696,340,0,2,4,0.00027861974419821463,0
697,221,0,4,1,0.000516155296457,0
698,928,0,4,24,0.00020481147789182602,3
699,146,0,0,1,0.00014999999999999996,0
700,289,1,11,14,0.0002361878797259393,3
701,29,1,4,1,0.0006333080324067602,0
702,114,1,5,1,0.00032072887549359363,2
703,508,1,85,12,0.0012384369713355058,39
704,810,1,24,1,0.000430054042072217,3
705,972,1,18,1,0.002061112032342656,16
706,176,1,6,8,0.0002823294618619715,2
707,168,1,34,2,0.0006039677088331488,15
708,347,1,7,22,0.0003951860201145734,0
709,376,1,23,31,0.0005145768070844211,1
710,764,1,15,1,0.001982215186828746,15
711,871,1,15,1,0.0015409543612076814,3
712,889,1,17,6,0.00027541408045540094,14
713,772,1,10,3,0.0006175236721660545,7
714,189,1,17,1,0.0007518319915713195,8
715,136,1,12,52,0.0002866524485005824,2
716,446,1,8,1,0.00032106151828778696,13
717,839,1,8,1,0.0014884150798026494,8
718,254,1,5,15,0.00016984572826747365,0
719,881,1,7,1,0.001232808624716931,0
720,290,1,45,15,0.0007195441907816779,102
721,941,1,97,353,0.002011659173638176,144
722,954,1,35,2,0.0014121824253151745,12
723,232,1,9,1,0.0003100379148255302,0
724,645,1,52,23,0.000945586663789886,32
725,33,1,36,1,0.0032773373754610593,6
726,88,1,11,1,0.0013194744902946046,4
727,44,1,74,16,0.0009033472037831423,33
728,341,1,10,1,0.00021853581918796126,2
729,61,1,43,37,0.0007093428240749216,6
730,953,1,20,14,0.0006473057413717538,12
731,199,1,67,1,0.0009874547245848294,32
732,429,1,105,1,0.008751365493816903,95
733,747,1,32,13,0.000702794274996429,5
734,394,1,18,1,0.00037563950458788416,85
735,730,1,5,3,0.0001990009375346845,0
736,297,1,19,1,0.0005766520638084355,18
737,73,1,45,15,0.0014426493505425835,30
738,393,1,7,30,0.0004844674241851052,0
739,547,1,39,5,0.0007030595784882263,6
740,579,1,51,1,0.003966729040201981,26
741,541,1,34,29,0.0009226144376510717,10
742,854,1,2,1,0.00019129807021676598,0
743,833,1,5,2,0.0001990565658260254,1
744,840,1,11,15,0.0004329890540565987,1
745,663,1,13,1,0.0004511779098095735,6
746,217,1,10,7,0.0004147696305936989,4
747,539,1,25,1,0.0027061197163839932,3
748,828,1,5,1,0.0013066837783020453,2
749,623,1,24,1,0.0025397351774681036,14
750,668,1,10,1,0.0012409648867794574,0
751,824,1,4,1,0.002102648652953495,5
752,421,1,1,7,0.00016135599317691011,0
753,694,1,18,1,0.0024078398182304688,1
754,138,1,24,1,0.002160126721747357,6
755,212,1,60,1,0.003992157075107067,16
756,616,1,83,1,0.0015469100414828034,76
757,842,1,23,1,0.0021464847020621594,5
758,838,1,5,1,0.0022043061371253866,19
759,866,1,9,1,0.0005069115045841609,2
760,727,1,17,13,0.000694369232008004,4
761,965,1,36,38,0.0011895114043821442,8
762,701,1,44,1,0.003981961694074786,3
763,726,1,45,2,0.0010161468634806343,17
764,917,1,20,1,0.00040935901200631893,5
765,716,1,16,1,0.0025203802423864946,11
766,234,1,4,1,0.00045672916069044626,0
767,67,1,23,17,0.0003404405393062796,8
768,24,1,3,11,0.0001647994377358836,0
769,381,1,68,1,0.00142895599821042,39
770,216,1,7,1,0.000236383861823172,2
771,735,1,33,58,0.0005142135841981715,124
772,129,1,27,11,0.0005842560123058935,16
773,349,1,7,5,0.0001983312037257913,0
774,111,1,60,1,0.005396159945679673,22
775,166,1,5,1,0.00020640094601217116,2
776,207,1,23,1,0.0007194002849770175,7
777,438,1,68,1,0.004279082758293259,33
778,552,1,76,1,0.001920440209429375,87
779,274,1,23,1,0.0017476477320671178,1
780,974,1,14,1,0.0003706181018579085,0
781,591,1,39,3,0.0006321101888568279,11
782,800,1,18,1,0.000560085403809954,3
783,937,1,4,1,0.0001903448135591426,1
784,525,1,8,1,0.0013567272766632596,0
785,287,1,5,1,0.0013254243711699877,3
786,469,1,63,1,0.004524285748131129,115
787,326,1,42,13,0.0010354912873590965,30
788,121,1,8,1,0.001450858445977407,1
789,994,1,4,1,0.0010516610698023728,0
790,507,1,33,1,0.0027123073540366244,227
791,228,1,27,1,0.00045907353398631784,38
792,673,1,2,78,0.00015904174933141,0
793,595,1,38,1,0.003936502467943602,45
794,445,1,33,18,0.0004565334902995927,12
795,117,1,115,95,0.0035219715230288906,108
796,464,1,8,27,0.00022572243376236758,1
797,25,1,12,1,0.002905246321677868,1
798,110,1,8,2,0.0005505109224423529,4
799,149,1,1,1,0.00034625533605463346,0
800,152,1,128,12,0.003994743969276226,144
801,528,1,6,1,0.0019457475344572264,2
802,696,1,19,52,0.0003176753579835809,5
803,621,1,19,1,0.0017491015812742651,29
804,461,1,33,19,0.00038999665339575394,2
805,598,1,5,6,0.00019684434067067507,0
806,139,1,52,1,0.0036808152603228263,15
807,749,1,32,1,0.0022510147881552134,3
808,260,1,79,56,0.0012022883243586586,28
809,961,1,1,1,0.0010492130284363368,0
810,323,1,29,1,0.0004458357523802533,10
811,897,1,11,16,0.00045115392406954493,1
812,248,1,115,11,0.0027721804185669744,100
813,450,1,42,1,0.0025607562816186004,6
814,410,1,3,51,0.0001602199144091487,0
815,607,1,48,1,0.0049910424953672665,30
816,19,1,16,1,0.0016548822067021947,128
817,328,1,22,5,0.00036893211591272336,7
818,296,1,20,1,0.0006805162459249931,5
819,269,1,7,4,0.0001773214376945635,0
820,226,1,22,1,0.0005412847939387442,8
821,94,1,7,1,0.003591885701411165,35
822,515,1,4,1,0.00025310229220200457,2
823,841,1,81,7,0.00165081809517977,58
824,637,1,28,13,0.0011989081655844121,27
825,280,1,33,23,0.0006337978845561413,13
826,286,1,127,1,0.011621583672119512,86
827,589,1,6,2,0.0020031551250876594,9
828,930,1,21,2,0.00042187143551051723,2
829,444,1,5,1,0.0012327309450400716,1
830,184,1,11,29,0.00032755168740450103,0
831,371,1,3,7,0.00024471405836734876,0
832,872,1,12,15,0.0003820306337228496,6
833,976,1,9,8,0.00019148055351614267,0
834,275,1,2,1,0.0002838464862520965,0
835,806,1,9,1,0.0017847491142422606,6
836,935,1,2,25,0.0004734991363140063,0
837,182,1,13,4,0.00034037657079104966,3
838,32,1,87,17,0.0013059221680080796,135
839,80,1,8,12,0.0006209139396473404,0
840,307,1,27,8,0.0006322182958886275,14
841,770,1,66,2,0.0018949010789477913,115
842,11,1,60,50,0.001052975123728037,43
843,43,1,4,1,0.00152270239964499,0
844,86,1,21,1,0.0016869651179298828,28
845,778,1,3,1,0.001227176069996531,1
846,36,1,13,1,0.0005469011691178715,14
847,980,1,49,1,0.004346709080438971,12
848,58,1,27,1,0.0019849903552765615,11
849,41,1,13,1,0.004571011283351561,26
850,782,1,20,1,0.0003924735720644499,6
851,411,1,16,10,0.00034039194243977764,3
852,562,1,8,1,0.00024872638347817554,2
853,209,1,20,14,0.00041913283001948116,15
854,148,1,8,2,0.0006211554008447532,1
855,739,1,19,9,0.0006426786880843909,18
856,594,1,75,1,0.003858442929650176,73
857,123,1,2,17,0.000153428563597836,0
858,734,1,5,1,0.001124393382438862,1
859,574,1,10,3,0.000513318455793408,2
860,98,1,15,10,0.0003479072460175524,2
861,377,1,45,69,0.0009287629656839542,11
862,130,1,10,1,0.00023588266476831668,3
863,699,1,4,1,0.0013248075106637443,3
864,23,1,56,2,0.000743587847797552,20
865,869,1,33,1,0.004251133498437805,5
866,555,1,14,1,0.0016055887936849752,1
867,370,1,9,1,0.002362650921947285,17
868,512,1,6,1,0.000306713913115229,0
869,383,1,12,1,0.0003232652863877669,6
870,201,1,37,2,0.0009517340830921096,12
871,368,1,64,1,0.0017636093662158792,45
872,554,1,26,52,0.0004288030200564528,3
873,610,1,11,10,0.00023764272067774089,2
874,387,1,72,13,0.0026291104163832517,41
875,861,1,8,2,0.0002289122365872533,1
876,816,1,7,1,0.0019530601758845907,6
877,292,1,5,1,0.001417516674960095,2
878,690,1,3,3,0.0003087626339042375,1
879,256,1,22,1,0.003575284161089705,21
880,606,1,17,16,0.0003713032598478267,3
881,197,1,3,1,0.00037159613504538506,4
882,95,1,48,4,0.0006637492146172575,18
883,962,1,52,11,0.0009843617139842966,108
884,943,1,8,3,0.00024409894360859411,3
885,169,1,11,15,0.000383849829312839,1
886,581,1,2,4,0.0006908747141094846,0
887,305,1,8,1,0.000278607026175017,0
888,560,1,15,1,0.00023448091016947035,1
889,853,1,47,17,0.0006357026303277597,16
890,373,1,2,1,0.0011381818011285607,1
891,719,1,25,1,0.00039086318683638905,3
892,791,1,17,1,0.00032247566056195384,89
893,227,1,5,1,0.0010644724956413217,2
894,660,1,24,1,0.0004608332548681695,4
895,143,1,59,5,0.0011636056881838524,41
896,846,1,15,1,0.0005530869911742466,9
897,180,1,11,6,0.00045615103592908996,3
898,868,1,9,1,0.004199843509445791,11
899,131,1,28,1,0.0022335574947355157,7
900,949,1,1,4,0.0001627053955508325,0
901,47,1,5,1,0.0013115967384369253,3
902,774,1,16,1,0.00039632777815276117,1
903,324,1,42,5,0.0012309000898440294,114
904,203,1,82,1,0.005633450954534902,275
905,84,1,10,1,0.00174732959664965,6
906,633,1,6,1,0.0011314691461129982,0
907,565,1,14,1,0.0002620191581941217,1
908,611,1,28,68,0.0004968621051915256,47
909,398,1,29,1,0.0004403324730769789,8
910,896,1,26,1,0.0021220735994216767,6
911,91,1,2,1,0.0012696978149260832,3
912,82,1,66,1,0.004066382821896054,32
913,430,1,40,6,0.0007238980959128673,21
914,779,1,18,8,0.0003367349298986937,3
915,119,1,3,5,0.00017627192572837894,1
916,870,1,42,1,0.0026080723504081135,34
917,291,1,6,1,0.0002585246529955073,0
918,57,1,62,1,0.0008263983897193219,162
919,321,1,82,1,0.002117777346155492,55
920,257,1,6,1,0.00019424766293876,1
921,888,1,5,12,0.0001751173138473406,0
922,947,1,14,1,0.00029753163989918173,3
923,442,1,6,1,0.0015562551697118636,4
924,42,1,20,11,0.0003623020440695635,4
925,617,1,62,2,0.001148605476942859,26
926,388,1,26,18,0.0005473867318940845,2
927,335,1,56,3,0.00109646626140272,133
928,273,1,2,14,0.00017557790403830735,0
929,756,1,19,1,0.0018976761401288708,3
930,488,1,64,9,0.001166089543433129,28
931,550,1,5,11,0.0003451401812485948,0
932,901,1,29,1,0.0006452532075100276,7
933,53,1,83,1,0.0025721593542816744,88
934,932,1,3,1,0.0011563223848366398,0
935,936,1,80,1,0.0075572848826807835,27
936,128,1,15,34,0.0009656664739511548,2
937,802,1,49,1,0.0009498052244688455,27
938,28,1,37,1,0.004889010085673312,10
939,183,1,39,1,0.0011310240074588684,23
940,882,1,3,1,0.0001827835079967122,0
941,459,1,5,1,0.0013428797313587316,1
942,510,1,8,37,0.0001957866103845821,1
943,675,1,5,1,0.000188805789798296,1
944,151,1,29,22,0.0004804700374929759,12
945,244,1,24,1,0.0018649659453285406,0
946,714,1,37,2,0.0008402400393204825,31
947,543,1,31,50,0.0008427269354854578,17
948,544,1,11,1,0.00146451850753488,2
949,639,1,13,1,0.0012312962311529282,40
950,697,1,79,43,0.0019398518595973005,65
951,265,1,10,4,0.0002876409253722017,0
952,288,1,18,11,0.0003845663390714471,1
953,423,1,61,14,0.0009782167584865178,33
954,910,1,16,2,0.00034409583683801576,3
955,147,1,70,72,0.0016055849866184527,71
956,659,1,17,15,0.00034799943640262436,8
957,797,1,77,21,0.0012817594877097907,90
958,966,1,12,1,0.0006109173997707125,1
959,177,1,36,1,0.002896472608861767,16
960,99,1,44,42,0.0008716686433969169,29
961,850,1,2,1,0.00024444617033218585,0
962,448,1,25,6,0.0008375895650028669,8
963,431,1,18,8,0.0003535317865424159,9
964,847,1,48,39,0.0025312173205431074,45
965,709,1,2,1,0.00018925755088997033,3
966,755,1,20,19,0.00031196110785607913,10
967,115,1,20,37,0.00040558062293310045,3
968,916,1,3,1,0.000889930480044042,2
969,777,1,36,1,0.0034989414269792447,11
970,72,1,24,13,0.00038374556486805224,7
971,845,1,24,4,0.0005927716102933946,100
972,537,1,109,1,0.004173029536747973,49
973,677,1,98,15,0.0024063667954250714,98
974,849,1,32,1,0.0027680093011327052,72
975,983,1,6,23,0.00018024357620674772,0
976,174,1,31,1,0.0024231460121885455,7
977,87,1,67,13,0.0014088300598019523,119
978,551,1,75,90,0.0012023992775021986,41
979,486,1,64,11,0.001231261815334375,13
980,705,1,28,1,0.0003727919568523554,2
981,314,1,2,3,0.00040212324547158907,0
982,396,1,45,1,0.004197961874208288,8
983,600,1,6,1,0.0039182034108978464,11
984,472,1,14,1,0.00038031877753772777,14
985,70,1,18,1,0.00046165213099512984,6
986,599,1,8,2,0.0007020403425227591,2
987,804,1,27,1,0.0022767079001215305,5
988,754,1,6,1,0.0003071413786443986,5
989,277,1,12,1,0.0016136546898067744,2
990,723,1,6,1,0.0015518010079938525,1
991,9,1,3,1,0.0012913599479721012,0
992,359,1,14,22,0.0003679370992217523,4
993,707,1,2,1,0.0011401946365138802,0
994,763,1,22,1,0.006200369720604426,29
995,835,1,22,8,0.000349828026135391,4
996,192,1,23,1,0.002756389875926461,1
997,629,1,4,1,0.000194977968659283,1
998,559,1,13,1,0.0018675574509719396,1
999,684,1,24,14,0.00037906605358273217,4
